,importance
v5_t_amp,0.006137858766695079
ii_t_amp,0.0061267139102017375
v6_t_amp,0.0046330988917305865
v5_r_amp,0.004320883063370254
iii_t_amp,0.0033240799943165464
v2_q_amp,0.0032883454106279997
v1_q_amp,0.002144217107132689
avf_t_amp,0.0019849211423699645
v5_s_amp,0.0019447463768115791
v3_q_amp,0.0017074808184143152
v6_r_amp,0.0015359299516907998
avl_r_amp,0.001461121767547564
i_st_60,0.0014339300937766162
v4_t_amp,0.0013128552145495712
v1_r_amp,0.0012791275930662139
avl_t_amp,0.0012235009946007412
sd_hr,0.0011973039215686155
lf_power,0.0011709114805342313
cv_rr,0.0010782360045467375
iii_s_amp,0.001059374111963598
iii_q_amp,0.0010208333333333508
avf_r_amp,0.0009734121909633232
rmssd,0.000965597470872388
v1_s_amp,0.0009614414606422094
sd2,0.0009163824950269839
v3_st_j,0.0009105392156862679
avr_q_amp,0.0008670609548166765
iii_st_60,0.000851431514634835
v3_s_amp,0.0008198529411764756
i_t_amp,0.0008011331344131678
ii_r_amp,0.0007786658141517311
avl_st_60,0.0007554525433361481
sdnn,0.0007548131571468964
v2_t_amp,0.0007536764705882471
i_s_amp,0.0007263249502699321
ii_s_amp,0.0007215295538505085
ii_st_60,0.0007031472009093576
v6_st_60,0.0006977834612105526
avl_s_amp,0.0006850490196078462
v2_s_amp,0.0006795787155441935
avr_t_amp,0.0006574666098323114
sd1,0.0006197250639386031
qrs_duration,0.0005956947996589811
iii_r_amp,0.0005833333333333357
v3_r_amp,0.0005646668087524742
avr_r_amp,0.0005467462347257501
avf_st_60,0.0005073529411764443
v5_st_60,0.0004994494174481235
i_r_amp,0.0004945296959363454
avf_s_amp,0.0004855605285592257
v6_st_j,0.00048039215686273233
v6_s_amp,0.0004669117647058818
v2_r_amp,0.0004656862745098067
v3_t_amp,0.0004534313725490114
v4_q_amp,0.0004178921568627492
v4_st_60,0.0004154411764705701
mean_rr,0.000399509803921585
iii_st_j,0.00039093137254902376
avr_st_j,0.0003737745098039147
v4_s_amp,0.00035171568627451416
v4_st_j,0.0003443627450980391
ii_st_j,0.0003431372549019574
hf_nu,0.00033210784313725706
lf_nu,0.000323529411764707
v2_st_j,0.00032107843137255674
avf_st_j,0.0003014705882352931
avr_s_amp,0.000289109121909612
v5_q_amp,0.0002647058823529447
sample_entropy,0.00026225490196078336
v5_st_j,0.00025980392156863317
lf_hf_ratio,0.0002291666666666736
mean_hr,0.0001975880932082852
v1_st_60,0.00019485294117647768
v2_st_60,0.00018627450980392312
avf_q_amp,0.00018561736288717824
sd1_sd2_ratio,0.00015318627450980004
v1_st_j,0.0001397058823529318
v6_q_amp,0.0001372549019607816
i_q_amp,0.0001323529411764679
avl_st_j,9.436274509803556e-05
pnn50,4.575163398689687e-05
v3_st_60,-3.431372549019151e-05
ii_q_amp,-0.00016421568627451145
v4_r_amp,-0.00017373543620347707
i_st_j,-0.00021078431372548498
avr_st_60,-0.00021813725490197564
avl_q_amp,-0.0002769607843137223
hf_power,-0.0003459434498437242
v1_t_amp,-0.0004196859903381878
